[{"x": 37.8759615, "y": -122.2602981, "weight": 4.0, "name": "Jasmine Thai", "cluster": 0}, {"x": 37.8751965, "y": -122.2598181, "weight": 4.5, "name": "Momo Masala", "cluster": 1}, {"x": 37.8705337, "y": -122.2663047, "weight": 3.0, "name": "La Cascada Taqueria", "cluster": 2}, {"x": 37.8701999, "y": -122.266645, "weight": 2.0, "name": "Alborz", "cluster": 3}, {"x": 37.87524, "y": -122.2598373, "weight": 3.5, "name": "Gomnaru Restaurant", "cluster": 4}, {"x": 37.8752327, "y": -122.2597386, "weight": 1.0, "name": "Top Dog 2", "cluster": 5}, {"x": 37.8752015, "y": -122.2597581, "weight": 3.5, "name": "Camille", "cluster": 6}, {"x": 37.8752481, "y": -122.2601606, "weight": 1.5, "name": "Zach's Snacks", "cluster": 8}, {"x": 37.869348, "y": -122.26602, "weight": 4.5, "name": "Gather", "cluster": 9}, {"x": 37.8754914, "y": -122.2603537, "weight": 4.0, "name": "Hummingbird Cafe", "cluster": 10}, {"x": 37.8705095, "y": -122.2664781, "weight": 3.5, "name": "C U Sushi", "cluster": 11}, {"x": 37.8702006, "y": -122.2659014, "weight": 5.0, "name": "Cinnaholic", "cluster": 12}, {"x": 37.8755809, "y": -122.259984, "weight": 1.5, "name": "Celia's", "cluster": 13}, {"x": 37.8754083, "y": -122.2601952, "weight": 4.5, "name": "Nefeli Caffe", "cluster": 14}, {"x": 37.8698214, "y": -122.2659885, "weight": 1.5, "name": "Saturn Cafe", "cluster": 15}, {"x": 37.8755322, "y": -122.2603641, "weight": 4.0, "name": "La Val's Pizza", "cluster": 16}, {"x": 37.8752289, "y": -122.2601962, "weight": 1.0, "name": "Northside Cafe", "cluster": 17}, {"x": 37.8701853, "y": -122.2658691, "weight": 2.5, "name": "Punjabi By Nature", "cluster": 18}, {"x": 37.8703067, "y": -122.2658652, "weight": 4.0, "name": "Suya African Caribbean Grill", "cluster": 19}, {"x": 37.8752855, "y": -122.2602072, "weight": 5.0, "name": "Urbann Turbann", "cluster": 20}, {"x": 37.8704977, "y": -122.2666688, "weight": 4.0, "name": "Cafe Rio", "cluster": 21}]